<?xml version="1.0" encoding="ISO-8859-1"?>
<LibroCompraVenta>
	<EnvioLibro ID="LIBRO-COMPRA201105_ID50">
		<Caratula>
			<RutEmisorLibro>99577220-5</RutEmisorLibro>
			<RutEnvia>6097107-2</RutEnvia>
			<PeriodoTributario>2011-05</PeriodoTributario>
			<FchResol>2010-01-15</FchResol>
			<NroResol>12</NroResol>
			<TipoOperacion>COMPRA</TipoOperacion>
			<TipoLibro>MENSUAL</TipoLibro>
			<TipoEnvio>TOTAL</TipoEnvio>
		</Caratula>
		<ResumenPeriodo>
			<TotalesPeriodo>
				<TpoDoc>33</TpoDoc>
				<TpoImp>1</TpoImp>
				<TotDoc>2</TotDoc>
				<TotMntExe>0</TotMntExe>
				<TotMntNeto>452160</TotMntNeto>
				<TotMntIVA>3260</TotMntIVA>
				<TotIVANoRec>
					<CodIVANoRec>2</CodIVANoRec>
					<TotOpIVANoRec>1</TotOpIVANoRec>
					<TotMntIVANoRec>82650</TotMntIVANoRec>
				</TotIVANoRec>
				<TotMntTotal>538070</TotMntTotal>
			</TotalesPeriodo>
		</ResumenPeriodo>
		<Detalle>
			<TpoDoc>33</TpoDoc>
			<NroDoc>1920</NroDoc>
			<Operacion>1</Operacion>
			<TpoImp>1</TpoImp>
			<TasaImp>19</TasaImp>
			<NumInt>1620</NumInt>
			<FchDoc>2011-02-02</FchDoc>
			<RUTDoc>78572860-2</RUTDoc>
			<RznSoc>QUIMICA DEL SUR Y CIA.LTDA.</RznSoc>
			<MntNeto>435000</MntNeto>
			<MntIVA>0</MntIVA>
			<IVANoRec>
				<CodIVANoRec>2</CodIVANoRec>
				<MntIVANoRec>82650</MntIVANoRec>
			</IVANoRec>
			<MntTotal>517650</MntTotal>
		</Detalle>
		<Detalle>
			<TpoDoc>33</TpoDoc>
			<NroDoc>519442</NroDoc>
			<Operacion>1</Operacion>
			<TpoImp>1</TpoImp>
			<TasaImp>19</TasaImp>
			<NumInt>1678</NumInt>
			<FchDoc>2011-05-02</FchDoc>
			<RUTDoc>81290800-6</RUTDoc>
			<RznSoc>COMPA��A AGROPECUARIA COPEVAL S.A.</RznSoc>
			<MntNeto>17160</MntNeto>
			<MntIVA>3260</MntIVA>
			<MntTotal>20420</MntTotal>
		</Detalle>
	</EnvioLibro>
</LibroCompraVenta>