<?xml version="1.0" encoding="ISO-8859-1"?>
<LibroCompraVenta>
	<EnvioLibro ID="LIBRO-VENTA201112_ID2">
		<Caratula>
			<RutEmisorLibro>76077839-7</RutEmisorLibro>
			<RutEnvia>10768418-2</RutEnvia>
			<PeriodoTributario>2011-12</PeriodoTributario>
			<FchResol>2011-12-15</FchResol>
			<NroResol>146</NroResol>
			<TipoOperacion>VENTA</TipoOperacion>
			<TipoLibro>MENSUAL</TipoLibro>
			<TipoEnvio>TOTAL</TipoEnvio>
		</Caratula>
		<ResumenPeriodo>
			<TotalesPeriodo>
				<TpoDoc>30</TpoDoc>
				<TpoImp>1</TpoImp>
				<TotDoc>8</TotDoc>
				<TotAnulado>2</TotAnulado>
				<TotMntExe>0</TotMntExe>
				<TotMntNeto>167718722</TotMntNeto>
				<TotMntIVA>31866557</TotMntIVA>
				<TotMntTotal>199585279</TotMntTotal>
			</TotalesPeriodo>
			<TotalesPeriodo>
				<TpoDoc>45</TpoDoc>
				<TpoImp>1</TpoImp>
				<TotDoc>1</TotDoc>
				<TotMntExe>0</TotMntExe>
				<TotMntNeto>16333761</TotMntNeto>
				<TotMntIVA>3103415</TotMntIVA>
				<TotIVARetTotal>3103415</TotIVARetTotal>
				<TotIVARetParcial>3103415</TotIVARetParcial>
				<TotMntTotal>16333761</TotMntTotal>
				<TotIVANoRetenido>3103415</TotIVANoRetenido>
			</TotalesPeriodo>
		</ResumenPeriodo>
		<Detalle>
			<TpoDoc>30</TpoDoc>
			<NroDoc>365</NroDoc>
			<Operacion>1</Operacion>
			<TpoImp>1</TpoImp>
			<TasaImp>19</TasaImp>
			<NumInt>32</NumInt>
			<FchDoc>2011-12-12</FchDoc>
			<RUTDoc>79538350-6</RUTDoc>
			<RznSoc>CONSTRUCTORA GARDILCIC LTDA.</RznSoc>
			<MntNeto>5998915</MntNeto>
			<MntIVA>1139794</MntIVA>
			<MntTotal>7138709</MntTotal>
		</Detalle>
		<Detalle>
			<TpoDoc>30</TpoDoc>
			<NroDoc>363</NroDoc>
			<Operacion>1</Operacion>
			<TpoImp>1</TpoImp>
			<TasaImp>19</TasaImp>
			<NumInt>33</NumInt>
			<FchDoc>2011-12-12</FchDoc>
			<RUTDoc>79538350-6</RUTDoc>
			<RznSoc>CONSTRUCTORA GARDILCIC LTDA.</RznSoc>
			<MntNeto>796773</MntNeto>
			<MntIVA>151387</MntIVA>
			<MntTotal>948160</MntTotal>
		</Detalle>
		<Detalle>
			<TpoDoc>30</TpoDoc>
			<NroDoc>364</NroDoc>
			<Operacion>1</Operacion>
			<TpoImp>1</TpoImp>
			<TasaImp>19</TasaImp>
			<NumInt>34</NumInt>
			<FchDoc>2011-12-12</FchDoc>
			<RUTDoc>96602750-9</RUTDoc>
			<RznSoc>N Y K  SUDAMERICA CHILE LTDA.</RznSoc>
			<MntNeto>466839</MntNeto>
			<MntIVA>88699</MntIVA>
			<MntTotal>555538</MntTotal>
		</Detalle>
		<Detalle>
			<TpoDoc>30</TpoDoc>
			<NroDoc>367</NroDoc>
			<Operacion>1</Operacion>
			<TpoImp>1</TpoImp>
			<TasaImp>19</TasaImp>
			<NumInt>35</NumInt>
			<FchDoc>2011-12-14</FchDoc>
			<RUTDoc>89003900-6</RUTDoc>
			<RznSoc>Puga , Mujica Asociados S.A.</RznSoc>
			<MntNeto>84623176</MntNeto>
			<MntIVA>16078403</MntIVA>
			<MntTotal>100701579</MntTotal>
		</Detalle>
		<Detalle>
			<TpoDoc>30</TpoDoc>
			<NroDoc>368</NroDoc>
			<Operacion>1</Operacion>
			<TpoImp>1</TpoImp>
			<TasaImp>19</TasaImp>
			<NumInt>36</NumInt>
			<FchDoc>2011-12-16</FchDoc>
			<RUTDoc>96709420-K</RUTDoc>
			<RznSoc>MONTAJES INDUSTRIALES MONTEC LIMITADA</RznSoc>
			<MntNeto>72829969</MntNeto>
			<MntIVA>13837694</MntIVA>
			<MntTotal>86667663</MntTotal>
		</Detalle>
		<Detalle>
			<TpoDoc>30</TpoDoc>
			<NroDoc>361</NroDoc>
			<Operacion>1</Operacion>
			<TpoImp>1</TpoImp>
			<TasaImp>19</TasaImp>
			<NumInt>37</NumInt>
			<FchDoc>2011-12-02</FchDoc>
			<RUTDoc>89003900-6</RUTDoc>
			<RznSoc>Puga , Mujica Asociados S.A.</RznSoc>
			<MntNeto>3003050</MntNeto>
			<MntIVA>570580</MntIVA>
			<MntTotal>3573630</MntTotal>
		</Detalle>
		<Detalle>
			<TpoDoc>30</TpoDoc>
			<NroDoc>366</NroDoc>
			<Anulado>A</Anulado>
			<Operacion>1</Operacion>
			<TpoImp>1</TpoImp>
			<NumInt>44</NumInt>
			<FchDoc>2011-12-01</FchDoc>
			<RUTDoc>76077839-7</RUTDoc>
			<RznSoc>Electricidad y Proyectos S.A.</RznSoc>
			<MntNeto>0</MntNeto>
			<MntIVA>0</MntIVA>
			<MntTotal>0</MntTotal>
		</Detalle>
		<Detalle>
			<TpoDoc>30</TpoDoc>
			<NroDoc>362</NroDoc>
			<Anulado>A</Anulado>
			<Operacion>1</Operacion>
			<TpoImp>1</TpoImp>
			<NumInt>43</NumInt>
			<FchDoc>2011-12-01</FchDoc>
			<RUTDoc>76077839-7</RUTDoc>
			<RznSoc>Electricidad y Proyectos S.A.</RznSoc>
			<MntNeto>0</MntNeto>
			<MntIVA>0</MntIVA>
			<MntTotal>0</MntTotal>
		</Detalle>
		<Detalle>
			<TpoDoc>45</TpoDoc>
			<NroDoc>3564</NroDoc>
			<Operacion>1</Operacion>
			<TpoImp>1</TpoImp>
			<TasaImp>19</TasaImp>
			<NumInt>42</NumInt>
			<FchDoc>2011-12-01</FchDoc>
			<RUTDoc>76525290-3</RUTDoc>
			<RznSoc>EBCOSUR S.A.</RznSoc>
			<MntNeto>16333761</MntNeto>
			<MntIVA>3103415</MntIVA>
			<IVARetTotal>3103415</IVARetTotal>
			<IVARetParcial>3103415</IVARetParcial>
			<MntTotal>16333761</MntTotal>
			<IVANoRetenido>3103415</IVANoRetenido>
		</Detalle>
	</EnvioLibro>
</LibroCompraVenta>