<LibroCompraVenta>
	<EnvioLibro ID="LC201102">
		<Caratula>
			<RutEmisorLibro>99577220-5</RutEmisorLibro>
			<RutEnvia>6097107-2</RutEnvia>
			<PeriodoTributario>2011-02</PeriodoTributario>
			<FchResol>2010-01-15</FchResol>
			<NroResol>12</NroResol>
			<TipoOperacion>COMPRA</TipoOperacion>
			<TipoLibro>MENSUAL</TipoLibro>
			<TipoEnvio>TOTAL</TipoEnvio>
		</Caratula>
		<ResumenPeriodo>
			<TotalesPeriodo>
				<TpoDoc>33</TpoDoc>
				<TpoImp>1</TpoImp>
				<TotDoc>4</TotDoc>
				<TotMntExe>258276</TotMntExe>
				<TotMntNeto>3551409</TotMntNeto>
				<TotMntIVA>592118</TotMntIVA>
				<TotOtrosImp>
					<CodImp>25</CodImp>
					<TotMntImp>27442</TotMntImp>
				</TotOtrosImp>
				<IVANoRec>
					<CodIVANoRec>2</CodIVANoRec>
					<MntIVANoRec>82650</MntIVANoRec>
				</IVANoRec>
				<MntSinCred>116037</MntSinCred>
				<TotMntTotal>4627932</TotMntTotal>
			</TotalesPeriodo>
		</ResumenPeriodo>
		<Detalle>
			<TpoDoc>33</TpoDoc>
			<NroDoc>1920</NroDoc>
			<Operacion>1</Operacion>
			<TpoImp>1</TpoImp>
			<TasaImp>19</TasaImp>
			<NumInt>1620</NumInt>
			<FchDoc>2011-02-02</FchDoc>
			<RUTDoc>78572860-2</RUTDoc>
			<RznSoc>QUIMICA DEL SUR Y CIA.LTDA.</RznSoc>
			<MntNeto>196016</MntNeto>
			<MntIVA>37243</MntIVA>
			<OtrosImp>
				<CodImp>25</CodImp>
				<TasaImp>14</TasaImp>
				<MntImp>27442</MntImp>
			</OtrosImp>
			<MntTotal>233259</MntTotal>
		</Detalle>
		<Detalle>
			<TpoDoc>33</TpoDoc>
			<NroDoc>410797</NroDoc>
			<TasaImp>19</TasaImp>
			<NumInt>3973</NumInt>
			<FchDoc>2011-02-28</FchDoc>
			<RUTDoc>99520000-7</RUTDoc>
			<RznSoc>COMPA�IA DE PETROLEOS DE CHILE COPEC S.A.</RznSoc>
			<MntExe>258276</MntExe>
			<MntNeto>2830764</MntNeto>
			<MntIVA>537845</MntIVA>
			<MntSinCred>116037</MntSinCred>
			<MntTotal>3742922</MntTotal>
		</Detalle>
		<Detalle>
			<TpoDoc>33</TpoDoc>
			<NroDoc>1920</NroDoc>
			<Operacion>1</Operacion>
			<TpoImp>1</TpoImp>
			<TasaImp>19</TasaImp>
			<NumInt>1620</NumInt>
			<FchDoc>2011-02-02</FchDoc>
			<RUTDoc>78572860-2</RUTDoc>
			<RznSoc>QUIMICA DEL SUR Y CIA.LTDA.</RznSoc>
			<MntNeto>435000</MntNeto>
			<MntIVA>0</MntIVA>
			<IVANoRec>
				<CodIVANoRec>2</CodIVANoRec>
				<MntIVANoRec>82650</MntIVANoRec>
			</IVANoRec>
			<MntTotal>517650</MntTotal>
		</Detalle>
		<Detalle>
			<TpoDoc>33</TpoDoc>
			<NroDoc>1242956</NroDoc>
			<TasaImp>19</TasaImp>
			<NumInt>3714</NumInt>
			<FchDoc>2011-02-02</FchDoc>
			<RUTDoc>96756430-3</RUTDoc>
			<RznSoc>MUEBLES XDR S.A</RznSoc>
			<MntNeto>89629</MntNeto>
			<MntIVA>17030</MntIVA>
			<MntActivoFijo>89629</MntActivoFijo>
			<MntTotal>106659</MntTotal>
		</Detalle>
	</EnvioLibro>
</LibroCompraVenta>